country, code, piaac_name, flagURL
Austria, 040, Austria, https://lipis.github.io/flag-icon-css/flags/4x3/at.svg
Belgium, 056, Belgium, https://lipis.github.io/flag-icon-css/flags/4x3/be.svg
Canada, 124, Canada, https://lipis.github.io/flag-icon-css/flags/4x3/ca.svg
Czech Republic, 203, Czech Republic, https://lipis.github.io/flag-icon-css/flags/4x3/cz.svg
Germany, 276, Germany, https://lipis.github.io/flag-icon-css/flags/4x3/de.svg
Denmark, 208, Denmark, https://lipis.github.io/flag-icon-css/flags/4x3/dk.svg
Spain, 724, Spain, https://lipis.github.io/flag-icon-css/flags/4x3/es.svg
Estonia, 233, Estonia, https://lipis.github.io/flag-icon-css/flags/4x3/ee.svg
Finland, 246, Finland, https://lipis.github.io/flag-icon-css/flags/4x3/fi.svg
France, 250, France, https://lipis.github.io/flag-icon-css/flags/4x3/fr.svg
UK, 826, United Kingdom, https://lipis.github.io/flag-icon-css/flags/4x3/gb.svg
Ireland, 372, Ireland, https://lipis.github.io/flag-icon-css/flags/4x3/ie.svg
Italy, 380, Italy, https://lipis.github.io/flag-icon-css/flags/4x3/it.svg
Japan, 392, Japan, https://lipis.github.io/flag-icon-css/flags/4x3/jp.svg
South Korea, 410, Korea, https://lipis.github.io/flag-icon-css/flags/4x3/kr.svg 
Netherlands, 528, Netherlands, https://lipis.github.io/flag-icon-css/flags/4x3/nl.svg
Norway, 578, Norway, https://lipis.github.io/flag-icon-css/flags/4x3/no.svg
Poland, 616, Poland, https://lipis.github.io/flag-icon-css/flags/4x3/pl.svg
Russia, 643, Russian Federation, https://lipis.github.io/flag-icon-css/flags/4x3/ru.svg
Slovakia, 703, Slovak Republic, https://lipis.github.io/flag-icon-css/flags/4x3/sk.svg
Sweden, 752, Sweden, https://lipis.github.io/flag-icon-css/flags/4x3/se.svg
USA, 840, United States, https://lipis.github.io/flag-icon-css/flags/4x3/us.svg